user_name,anime_id,title,url,score
mattslist,57181,Blue Box,https://myanimelist.net/anime/57181/Ao_no_Hako,-
mattslist,57592,Dr. Stone: Science Future,https://myanimelist.net/anime/57592/Dr_Stone__Science_Future,-
mattslist,52215,Orb: On the Movements of the Earth,https://myanimelist.net/anime/52215/Chi_Chikyuu_no_Undou_ni_Tsuite,-
mattslist,54857,Re:ZERO -Starting Life in Another World- Season 3,https://myanimelist.net/anime/54857/Re_Zero_kara_Hajimeru_Isekai_Seikatsu_3rd_Season,-
mattslist,58567,Solo Leveling Season 2: Arise from the Shadow,https://myanimelist.net/anime/58567/Ore_dake_Level_Up_na_Ken_Season_2__Arise_from_the_Shadow,-
mattslist,58514,The Apothecary Diaries Season 2,https://myanimelist.net/anime/58514/Kusuriya_no_Hitorigoto_2nd_Season,-
mattslist,1689,5 Centimeters per Second,https://myanimelist.net/anime/1689/Byousoku_5_Centimeter,6
mattslist,41457,86 Eighty-Six,https://myanimelist.net/anime/41457/86,6
mattslist,48569,86 Eighty-Six Part 2,https://myanimelist.net/anime/48569/86_Part_2,7
mattslist,16067,A Lull in the Sea,https://myanimelist.net/anime/16067/Nagi_no_Asu_kara,7
mattslist,35839,A Place Further Than The Universe,https://myanimelist.net/anime/35839/Sora_yori_mo_Tooi_Basho,9
mattslist,28851,A Silent Voice,https://myanimelist.net/anime/28851/Koe_no_Katachi,10
mattslist,35413,A Sister's All You Need,https://myanimelist.net/anime/35413/Imouto_sae_Ireba_Ii,7
mattslist,11759,Accel World,https://myanimelist.net/anime/11759/Accel_World,5
mattslist,18689,Ace of Diamond,https://myanimelist.net/anime/18689/Diamond_no_Ace,9
mattslist,38731,Ace of Diamond Act II,https://myanimelist.net/anime/38731/Diamond_no_Ace__Act_II,9
mattslist,30230,Ace of Diamond: Second Season,https://myanimelist.net/anime/30230/Diamond_no_Ace__Second_Season,9
mattslist,22199,Akame ga Kill!,https://myanimelist.net/anime/22199/Akame_ga_Kill,7
mattslist,32951,Akashic Records of Bastard Magic Instructor,https://myanimelist.net/anime/32951/Rokudenashi_Majutsu_Koushi_to_Akashic_Records,5
mattslist,22147,Amagi Brilliant Park,https://myanimelist.net/anime/22147/Amagi_Brilliant_Park,5
mattslist,6547,Angel Beats!,https://myanimelist.net/anime/6547/Angel_Beats,8
mattslist,9989,Anohana: The Flower We Saw That Day,https://myanimelist.net/anime/9989/Ano_Hi_Mita_Hana_no_Namae_wo_Bokutachi_wa_Mada_Shiranai,8
mattslist,11111,Another,https://myanimelist.net/anime/11111/Another,4
mattslist,24133,Anti-Magic Academy: The 35th Test Platoon,https://myanimelist.net/anime/24133/Taimadou_Gakuen_35_Shiken_Shoutai,4
mattslist,49052,Aoashi,https://myanimelist.net/anime/49052/Ao_Ashi,7
mattslist,24833,Assassination Classroom,https://myanimelist.net/anime/24833/Ansatsu_Kyoushitsu,8
mattslist,30654,Assassination Classroom Second Season,https://myanimelist.net/anime/30654/Ansatsu_Kyoushitsu_2nd_Season,8
mattslist,16498,Attack on Titan,https://myanimelist.net/anime/16498/Shingeki_no_Kyojin,10
mattslist,25777,Attack on Titan Season 2,https://myanimelist.net/anime/25777/Shingeki_no_Kyojin_Season_2,10
mattslist,35760,Attack on Titan Season 3,https://myanimelist.net/anime/35760/Shingeki_no_Kyojin_Season_3,10
mattslist,38524,Attack on Titan Season 3 Part 2,https://myanimelist.net/anime/38524/Shingeki_no_Kyojin_Season_3_Part_2,10
mattslist,40028,Attack on Titan: Final Season,https://myanimelist.net/anime/40028/Shingeki_no_Kyojin__The_Final_Season,10
mattslist,51535,Attack on Titan: Final Season - The Final Chapters,https://myanimelist.net/anime/51535/Shingeki_no_Kyojin__The_Final_Season_-_Kanketsu-hen,9
mattslist,48583,Attack on Titan: Final Season Part 2,https://myanimelist.net/anime/48583/Shingeki_no_Kyojin__The_Final_Season_Part_2,9
mattslist,5081,Bakemonogatari,https://myanimelist.net/anime/5081/Bakemonogatari,8
mattslist,39195,Beastars,https://myanimelist.net/anime/39195/Beastars,8
mattslist,40935,Beastars 2nd Season,https://myanimelist.net/anime/40935/Beastars_2nd_Season,8
mattslist,9513,Beelzebub,https://myanimelist.net/anime/9513/Beelzebub,6
mattslist,18153,Beyond the Boundary,https://myanimelist.net/anime/18153/Kyoukai_no_Kanata,5
mattslist,20787,Black Bullet,https://myanimelist.net/anime/20787/Black_Bullet,6
mattslist,4898,Black Butler,https://myanimelist.net/anime/4898/Kuroshitsuji,6
mattslist,6707,Black Butler II,https://myanimelist.net/anime/6707/Kuroshitsuji_II,4
mattslist,22145,Black Butler: Book of Circus,https://myanimelist.net/anime/22145/Kuroshitsuji__Book_of_Circus,6
mattslist,34572,Black Clover,https://myanimelist.net/anime/34572/Black_Clover,7
mattslist,24439,Blood Blockade Battlefront,https://myanimelist.net/anime/24439/Kekkai_Sensen,5
mattslist,34451,Blood Blockade Battlefront & Beyond,https://myanimelist.net/anime/34451/Kekkai_Sensen___Beyond,5
mattslist,9919,Blue Exorcist,https://myanimelist.net/anime/9919/Ao_no_Exorcist,7
mattslist,33506,Blue Exorcist: Kyoto Saga,https://myanimelist.net/anime/33506/Ao_no_Exorcist__Kyoto_Fujouou-hen,7
mattslist,49596,Blue Lock,https://myanimelist.net/anime/49596/Blue_Lock,8
mattslist,54865,Blue Lock Season 2,https://myanimelist.net/anime/54865/Blue_Lock_vs_U-20_Japan,6
mattslist,46352,Blue Period,https://myanimelist.net/anime/46352/Blue_Period,7
mattslist,21995,Blue Spring Ride,https://myanimelist.net/anime/21995/Ao_Haru_Ride,7
mattslist,37475,Boarding School Juliet,https://myanimelist.net/anime/37475/Kishuku_Gakkou_no_Juliet,6
mattslist,47917,Bocchi the Rock!,https://myanimelist.net/anime/47917/Bocchi_the_Rock,7
mattslist,40530,Bottom-Tier Character Tomozaki,https://myanimelist.net/anime/40530/Jaku-Chara_Tomozaki-kun,5
mattslist,31478,Bungo Stray Dogs,https://myanimelist.net/anime/31478/Bungou_Stray_Dogs,8
mattslist,32867,Bungo Stray Dogs 2,https://myanimelist.net/anime/32867/Bungou_Stray_Dogs_2nd_Season,8
mattslist,38003,Bungo Stray Dogs 3,https://myanimelist.net/anime/38003/Bungou_Stray_Dogs_3rd_Season,8
mattslist,50330,Bungo Stray Dogs 4,https://myanimelist.net/anime/50330/Bungou_Stray_Dogs_4th_Season,8
mattslist,54898,Bungo Stray Dogs 5,https://myanimelist.net/anime/54898/Bungou_Stray_Dogs_5th_Season,8
mattslist,50346,Call of the Night,https://myanimelist.net/anime/50346/Yofukashi_no_Uta,8
mattslist,44511,Chainsaw Man,https://myanimelist.net/anime/44511/Chainsaw_Man,7
mattslist,28999,Charlotte,https://myanimelist.net/anime/28999/Charlotte,7
mattslist,10800,Chihayafuru,https://myanimelist.net/anime/10800/Chihayafuru,9
mattslist,14397,Chihayafuru 2,https://myanimelist.net/anime/14397/Chihayafuru_2,10
mattslist,37379,Chihayafuru 3,https://myanimelist.net/anime/37379/Chihayafuru_3,10
mattslist,30296,Chivalry of a Failed Knight,https://myanimelist.net/anime/30296/Rakudai_Kishi_no_Cavalry,6
mattslist,35507,Classroom of the Elite,https://myanimelist.net/anime/35507/Youkoso_Jitsuryoku_Shijou_Shugi_no_Kyoushitsu_e,7
mattslist,51096,Classroom of the Elite II,https://myanimelist.net/anime/51096/Youkoso_Jitsuryoku_Shijou_Shugi_no_Kyoushitsu_e_2nd_Season,7
mattslist,51180,Classroom of the Elite III,https://myanimelist.net/anime/51180/Youkoso_Jitsuryoku_Shijou_Shugi_no_Kyoushitsu_e_3rd_Season,6
mattslist,34825,Clean Freak! Aoyama-kun,https://myanimelist.net/anime/34825/Keppeki_Danshi_Aoyama-kun,4
mattslist,34437,Code Geass: Lelouch of the Re;surrection,https://myanimelist.net/anime/34437/Code_Geass__Fukkatsu_no_Lelouch,2
mattslist,1575,Code Geass: Lelouch of the Rebellion,https://myanimelist.net/anime/1575/Code_Geass__Hangyaku_no_Lelouch,9
mattslist,2904,Code Geass: Lelouch of the Rebellion R2,https://myanimelist.net/anime/2904/Code_Geass__Hangyaku_no_Lelouch_R2,9
mattslist,5941,Cross Game,https://myanimelist.net/anime/5941/Cross_Game,7
mattslist,42310,Cyberpunk: Edgerunners,https://myanimelist.net/anime/42310/Cyberpunk__Edgerunners,8
mattslist,11843,Daily Lives of High School Boys,https://myanimelist.net/anime/11843/Danshi_Koukousei_no_Nichijou,7
mattslist,57334,Dan Da Dan,https://myanimelist.net/anime/57334/Dandadan,8
mattslist,35849,DARLING in the FRANXX,https://myanimelist.net/anime/35849/Darling_in_the_FranXX,7
mattslist,15583,Date A Live,https://myanimelist.net/anime/15583/Date_A_Live,4
mattslist,6880,Deadman Wonderland,https://myanimelist.net/anime/6880/Deadman_Wonderland,5
mattslist,1535,Death Note,https://myanimelist.net/anime/1535/Death_Note,9
mattslist,28223,Death Parade,https://myanimelist.net/anime/28223/Death_Parade,6
mattslist,38000,Demon Slayer: Kimetsu no Yaiba,https://myanimelist.net/anime/38000/Kimetsu_no_Yaiba,8
mattslist,40456,Demon Slayer: Kimetsu no Yaiba - The Movie: Mugen Train,https://myanimelist.net/anime/40456/Kimetsu_no_Yaiba_Movie__Mugen_Ressha-hen,8
mattslist,47778,Demon Slayer: Kimetsu no Yaiba Entertainment District Arc,https://myanimelist.net/anime/47778/Kimetsu_no_Yaiba__Yuukaku-hen,9
mattslist,55701,Demon Slayer: Kimetsu no Yaiba Hashira Training Arc,https://myanimelist.net/anime/55701/Kimetsu_no_Yaiba__Hashira_Geiko-hen,8
mattslist,51019,Demon Slayer: Kimetsu no Yaiba Swordsmith Village Arc,https://myanimelist.net/anime/51019/Kimetsu_no_Yaiba__Katanakaji_no_Sato-hen,8
mattslist,35120,Devilman: Crybaby,https://myanimelist.net/anime/35120/Devilman__Crybaby,4
mattslist,37982,Domestic Girlfriend,https://myanimelist.net/anime/37982/Domestic_na_Kanojo,4
mattslist,37520,Dororo,https://myanimelist.net/anime/37520/Dororo,5
mattslist,38691,Dr. Stone,https://myanimelist.net/anime/38691/Dr_Stone,9
mattslist,48549,Dr. Stone: New World,https://myanimelist.net/anime/48549/Dr_Stone__New_World,7
mattslist,55644,Dr. Stone: New World Part 2,https://myanimelist.net/anime/55644/Dr_Stone__New_World_Part_2,8
mattslist,50612,Dr. Stone: Ryusui,https://myanimelist.net/anime/50612/Dr_Stone__Ryuusui,8
mattslist,40852,Dr. Stone: Stone Wars,https://myanimelist.net/anime/40852/Dr_Stone__Stone_Wars,7
mattslist,30694,Dragon Ball Super,https://myanimelist.net/anime/30694/Dragon_Ball_Super,6
mattslist,6746,Durarara!!,https://myanimelist.net/anime/6746/Durarara,5
mattslist,31043,Erased,https://myanimelist.net/anime/31043/Boku_dake_ga_Inai_Machi,7
mattslist,32901,Eromanga Sensei,https://myanimelist.net/anime/32901/Eromanga-sensei,5
mattslist,34580,Fastest Finger First,https://myanimelist.net/anime/34580/Nana_Maru_San_Batsu,3
mattslist,22297,Fate/stay night [Unlimited Blade Works],https://myanimelist.net/anime/22297/Fate_stay_night__Unlimited_Blade_Works,7
mattslist,28701,Fate/stay night [Unlimited Blade Works] Season 2,https://myanimelist.net/anime/28701/Fate_stay_night__Unlimited_Blade_Works_2nd_Season,7
mattslist,38671,Fire Force,https://myanimelist.net/anime/38671/Enen_no_Shouboutai,8
mattslist,40956,Fire Force Season 2,https://myanimelist.net/anime/40956/Enen_no_Shouboutai__Ni_no_Shou,8
mattslist,28171,Food Wars! Shokugeki no Soma,https://myanimelist.net/anime/28171/Shokugeki_no_Souma,7
mattslist,40902,Food Wars! The Fifth Plate,https://myanimelist.net/anime/40902/Shokugeki_no_Souma__Gou_no_Sara,7
mattslist,39940,Food Wars! The Fourth Plate,https://myanimelist.net/anime/39940/Shokugeki_no_Souma__Shin_no_Sara,7
mattslist,32282,Food Wars! The Second Plate,https://myanimelist.net/anime/32282/Shokugeki_no_Souma__Ni_no_Sara,7
mattslist,35788,Food Wars! The Third Plate,https://myanimelist.net/anime/35788/Shokugeki_no_Souma__San_no_Sara,7
mattslist,36949,Food Wars! The Third Plate: Totsuki Train Arc,https://myanimelist.net/anime/36949/Shokugeki_no_Souma__San_no_Sara_-_Tootsuki_Ressha-hen,7
mattslist,52991,Frieren: Beyond Journey's End,https://myanimelist.net/anime/52991/Sousou_no_Frieren,10
mattslist,38680,Fruits Basket 1st Season,https://myanimelist.net/anime/38680/Fruits_Basket_1st_Season,10
mattslist,40417,Fruits Basket 2nd Season,https://myanimelist.net/anime/40417/Fruits_Basket_2nd_Season,10
mattslist,42938,Fruits Basket: The Final Season,https://myanimelist.net/anime/42938/Fruits_Basket__The_Final,10
mattslist,71,Full Metal Panic!,https://myanimelist.net/anime/71/Full_Metal_Panic,7
mattslist,31931,Full Metal Panic! Invisible Victory,https://myanimelist.net/anime/31931/Full_Metal_Panic_Invisible_Victory,7
mattslist,73,Full Metal Panic! The Second Raid,https://myanimelist.net/anime/73/Full_Metal_Panic_The_Second_Raid,7
mattslist,72,Full Metal Panic? Fumoffu,https://myanimelist.net/anime/72/Full_Metal_Panic_Fumoffu,5
mattslist,5114,Fullmetal Alchemist: Brotherhood,https://myanimelist.net/anime/5114/Fullmetal_Alchemist__Brotherhood,8
mattslist,34280,Gamers!,https://myanimelist.net/anime/34280/Gamers,8
mattslist,239,Gankutsuou: The Count of Monte Cristo,https://myanimelist.net/anime/239/Gankutsuou,4
mattslist,28907,GATE,https://myanimelist.net/anime/28907/Gate__Jieitai_Kanochi_nite_Kaku_Tatakaeri,4
mattslist,31637,GATE Part 2,https://myanimelist.net/anime/31637/Gate__Jieitai_Kanochi_nite_Kaku_Tatakaeri_Part_2,4
mattslist,33783,Godzilla: Planet of the Monsters,https://myanimelist.net/anime/33783/Godzilla_1__Kaijuu_Wakusei,3
mattslist,17895,Golden Time,https://myanimelist.net/anime/17895/Golden_Time,5
mattslist,37105,Grand Blue Dreaming,https://myanimelist.net/anime/37105/Grand_Blue,9
mattslist,40052,Great Pretender,https://myanimelist.net/anime/40052/Great_Pretender,7
mattslist,31859,Grimgar: Ashes and Illusions,https://myanimelist.net/anime/31859/Hai_to_Gensou_no_Grimgar,7
mattslist,10793,Guilty Crown,https://myanimelist.net/anime/10793/Guilty_Crown,6
mattslist,2001,Gurren Lagann,https://myanimelist.net/anime/2001/Tengen_Toppa_Gurren_Lagann,7
mattslist,10719,Haganai: I don't have many friends,https://myanimelist.net/anime/10719/Boku_wa_Tomodachi_ga_Sukunai,5
mattslist,14967,Haganai: I don't have many friends NEXT,https://myanimelist.net/anime/14967/Boku_wa_Tomodachi_ga_Sukunai_Next,5
mattslist,20583,Haikyu!!,https://myanimelist.net/anime/20583/Haikyuu,9
mattslist,28891,Haikyu!! 2nd Season,https://myanimelist.net/anime/28891/Haikyuu_Second_Season,9
mattslist,32935,Haikyu!! 3rd Season,https://myanimelist.net/anime/32935/Haikyuu_Karasuno_Koukou_vs_Shiratorizawa_Gakuen_Koukou,9
mattslist,40262,Haikyu!! Land vs. Air,https://myanimelist.net/anime/40262/Haikyuu_Riku_vs_Kuu,9
mattslist,52742,Haikyu!! Movie: The Dumpster Battle,https://myanimelist.net/anime/52742/Haikyuu_Movie__Gomisuteba_no_Kessen,9
mattslist,38883,Haikyu!! To the Top,https://myanimelist.net/anime/38883/Haikyuu_To_the_Top,9
mattslist,40776,Haikyu!! To the Top 2nd-cour,https://myanimelist.net/anime/40776/Haikyuu_To_the_Top_Part_2,9
mattslist,35889,Hakata Tonkotsu Ramens,https://myanimelist.net/anime/35889/Hakata_Tonkotsu_Ramens,4
mattslist,21855,Hanamonogatari,https://myanimelist.net/anime/21855/Hanamonogatari,7
mattslist,46569,Hell's Paradise,https://myanimelist.net/anime/46569/Jigokuraku,7
mattslist,40938,"Higehiro: After Being Rejected, I Shaved and Took in a High School Runaway",https://myanimelist.net/anime/40938/Hige_wo_Soru_Soshite_Joshikousei_wo_Hirou,6
mattslist,11617,High School DxD,https://myanimelist.net/anime/11617/High_School_DxD,1
mattslist,24703,High School DxD BorN,https://myanimelist.net/anime/24703/High_School_DxD_BorN,1
mattslist,34281,High School DxD Hero,https://myanimelist.net/anime/34281/High_School_DxD_Hero,1
mattslist,15451,High School DxD New,https://myanimelist.net/anime/15451/High_School_DxD_New,1
mattslist,8074,High School of the Dead,https://myanimelist.net/anime/8074/Highschool_of_the_Dead,4
mattslist,42897,Horimiya,https://myanimelist.net/anime/42897/Horimiya,6
mattslist,31338,Hundred,https://myanimelist.net/anime/31338/Hundred,3
mattslist,11061,Hunter x Hunter,https://myanimelist.net/anime/11061/Hunter_x_Hunter_2011,9
mattslist,12189,Hyouka,https://myanimelist.net/anime/12189/Hyouka,7
mattslist,36098,I Want To Eat Your Pancreas,https://myanimelist.net/anime/36098/Kimi_no_Suizou_wo_Tabetai,7
mattslist,50796,Insomniacs After School,https://myanimelist.net/anime/50796/Kimi_wa_Houkago_Insomnia,8
mattslist,40010,Interspecies Reviewers,https://myanimelist.net/anime/40010/Ishuzoku_Reviewers,4
mattslist,10408,Into the Forest of Fireflies' Light,https://myanimelist.net/anime/10408/Hotarubi_no_Mori_e,5
mattslist,34542,Inuyashiki: Last Hero,https://myanimelist.net/anime/34542/Inuyashiki,4
mattslist,28121,Is It Wrong to Try to Pick Up Girls in a Dungeon?,https://myanimelist.net/anime/28121/Dungeon_ni_Deai_wo_Motomeru_no_wa_Machigatteiru_Darou_ka,6
mattslist,37347,Is It Wrong to Try to Pick Up Girls in a Dungeon? II,https://myanimelist.net/anime/37347/Dungeon_ni_Deai_wo_Motomeru_no_wa_Machigatteiru_Darou_ka_II,6
mattslist,40454,Is It Wrong to Try to Pick Up Girls in a Dungeon? III,https://myanimelist.net/anime/40454/Dungeon_ni_Deai_wo_Motomeru_no_wa_Machigatteiru_Darou_ka_III,6
mattslist,14719,JoJo's Bizarre Adventure (2012),https://myanimelist.net/anime/14719/JoJo_no_Kimyou_na_Bouken_TV,7
mattslist,31933,JoJo's Bizarre Adventure: Diamond Is Unbreakable,https://myanimelist.net/anime/31933/JoJo_no_Kimyou_na_Bouken_Part_4__Diamond_wa_Kudakenai,7
mattslist,37991,JoJo's Bizarre Adventure: Golden Wind,https://myanimelist.net/anime/37991/JoJo_no_Kimyou_na_Bouken_Part_5__Ougon_no_Kaze,7
mattslist,20899,JoJo's Bizarre Adventure: Stardust Crusaders,https://myanimelist.net/anime/20899/JoJo_no_Kimyou_na_Bouken_Part_3__Stardust_Crusaders,8
mattslist,26055,JoJo's Bizarre Adventure: Stardust Crusaders - Battle in Egypt,https://myanimelist.net/anime/26055/JoJo_no_Kimyou_na_Bouken_Part_3__Stardust_Crusaders_-_Egypt-hen,8
mattslist,40787,"Josee, the Tiger and the Fish",https://myanimelist.net/anime/40787/Josee_to_Tora_to_Sakana-tachi,8
mattslist,40748,Jujutsu Kaisen,https://myanimelist.net/anime/40748/Jujutsu_Kaisen,8
mattslist,48561,Jujutsu Kaisen 0,https://myanimelist.net/anime/48561/Jujutsu_Kaisen_0_Movie,8
mattslist,51009,Jujutsu Kaisen Season 2,https://myanimelist.net/anime/51009/Jujutsu_Kaisen_2nd_Season,8
mattslist,35639,Just Because!,https://myanimelist.net/anime/35639/Just_Because,7
mattslist,14467,K,https://myanimelist.net/anime/14467/K,2
mattslist,37999,Kaguya-sama: Love is War,https://myanimelist.net/anime/37999/Kaguya-sama_wa_Kokurasetai__Tensai-tachi_no_Renai_Zunousen,9
mattslist,52198,Kaguya-sama: Love is War -The First Kiss That Never Ends-,https://myanimelist.net/anime/52198/Kaguya-sama_wa_Kokurasetai__First_Kiss_wa_Owaranai,9
mattslist,43608,Kaguya-sama: Love is War -Ultra Romantic-,https://myanimelist.net/anime/43608/Kaguya-sama_wa_Kokurasetai__Ultra_Romantic,10
mattslist,43609,Kaguya-sama: Love is War OVA,https://myanimelist.net/anime/43609/Kaguya-sama_wa_Kokurasetai_Tensai-tachi_no_Renai_Zunousen_OVA,7
mattslist,40591,Kaguya-sama: Love is War?,https://myanimelist.net/anime/40591/Kaguya-sama_wa_Kokurasetai_Tensai-tachi_no_Renai_Zunousen,9
mattslist,34933,Kakegurui,https://myanimelist.net/anime/34933/Kakegurui,7
mattslist,37086,Kakegurui××,https://myanimelist.net/anime/37086/Kakegurui××,7
mattslist,32686,Keijo!!!!!!!!,https://myanimelist.net/anime/32686/Keijo,2
mattslist,36027,King's Game,https://myanimelist.net/anime/36027/Ousama_Game_The_Animation,1
mattslist,9260,Kizumonogatari Part 1: Iron-Blooded,https://myanimelist.net/anime/9260/Kizumonogatari_I__Tekketsu-hen,7
mattslist,31757,Kizumonogatari Part 2: Hot-Blooded,https://myanimelist.net/anime/31757/Kizumonogatari_II__Nekketsu-hen,7
mattslist,31758,Kizumonogatari Part 3: Cold-Blooded,https://myanimelist.net/anime/31758/Kizumonogatari_III__Reiketsu-hen,7
mattslist,11887,Kokoro Connect,https://myanimelist.net/anime/11887/Kokoro_Connect,4
mattslist,16001,Kokoro Connect OVA,https://myanimelist.net/anime/16001/Kokoro_Connect__Michi_Random,4
mattslist,48926,Komi Can't Communicate,https://myanimelist.net/anime/48926/Komi-san_wa_Comyushou_desu,8
mattslist,50631,Komi Can't Communicate Season 2,https://myanimelist.net/anime/50631/Komi-san_wa_Comyushou_desu_2nd_Season,7
mattslist,38080,Kono Oto Tomare!: Sounds of Life,https://myanimelist.net/anime/38080/Kono_Oto_Tomare,9
mattslist,38889,Kono Oto Tomare!: Sounds of Life Season 2,https://myanimelist.net/anime/38889/Kono_Oto_Tomare_Part_2,9
mattslist,30831,KonoSuba: God's Blessing on This Wonderful World!,https://myanimelist.net/anime/30831/Kono_Subarashii_Sekai_ni_Shukufuku_wo,7
mattslist,32937,KonoSuba: God's Blessing on This Wonderful World! 2,https://myanimelist.net/anime/32937/Kono_Subarashii_Sekai_ni_Shukufuku_wo_2,7
mattslist,32268,Koyomimonogatari,https://myanimelist.net/anime/32268/Koyomimonogatari,8
mattslist,11771,Kuroko's Basketball,https://myanimelist.net/anime/11771/Kuroko_no_Basket,7
mattslist,16894,Kuroko's Basketball 2,https://myanimelist.net/anime/16894/Kuroko_no_Basket_2nd_Season,7
mattslist,24415,Kuroko's Basketball 3,https://myanimelist.net/anime/24415/Kuroko_no_Basket_3rd_Season,7
mattslist,31658,Kuroko's Basketball the Movie: Last Game,https://myanimelist.net/anime/31658/Kuroko_no_Basket_Movie_4__Last_Game,6
mattslist,7148,Ladies versus Butlers!,https://myanimelist.net/anime/7148/Ladies_versus_Butlers,3
mattslist,17265,Log Horizon,https://myanimelist.net/anime/17265/Log_Horizon,5
mattslist,23321,Log Horizon 2,https://myanimelist.net/anime/23321/Log_Horizon_2nd_Season,5
mattslist,34934,Love and Lies,https://myanimelist.net/anime/34934/Koi_to_Uso,6
mattslist,14741,"Love, Chunibyo & Other Delusions!",https://myanimelist.net/anime/14741/Chuunibyou_demo_Koi_ga_Shitai,7
mattslist,18671,"Love, Chunibyo & Other Delusions!: Heart Throb",https://myanimelist.net/anime/18671/Chuunibyou_demo_Koi_ga_Shitai_Ren,7
mattslist,19021,"Love, Chunibyo & Other Delusions!: Rikka Version",https://myanimelist.net/anime/19021/Takanashi_Rikka_Kai__Chuunibyou_demo_Koi_ga_Shitai_Movie,5
mattslist,35608,"Love, Chunibyo & Other Delusions!: Take On Me",https://myanimelist.net/anime/35608/Chuunibyou_demo_Koi_ga_Shitai_Movie__Take_On_Me,6
mattslist,34599,Made in Abyss,https://myanimelist.net/anime/34599/Made_in_Abyss,8
mattslist,36862,Made in Abyss: Dawn of the Deep Soul,https://myanimelist.net/anime/36862/Made_in_Abyss_Movie_3__Fukaki_Tamashii_no_Reimei,8
mattslist,41084,Made in Abyss: The Golden City of the Scorching Sun,https://myanimelist.net/anime/41084/Made_in_Abyss__Retsujitsu_no_Ougonkyou,8
mattslist,31741,Magi: Adventure of Sinbad,https://myanimelist.net/anime/31741/Magi__Sinbad_no_Bouken_TV,6
mattslist,18115,Magi: The Kingdom of Magic,https://myanimelist.net/anime/18115/Magi__The_Kingdom_of_Magic,7
mattslist,14513,Magi: The Labyrinth of Magic,https://myanimelist.net/anime/14513/Magi__The_Labyrinth_of_Magic,7
mattslist,31646,March Comes In Like a Lion,https://myanimelist.net/anime/31646/3-gatsu_no_Lion,9
mattslist,35180,March Comes In Like a Lion 2nd Season,https://myanimelist.net/anime/35180/3-gatsu_no_Lion_2nd_Season,10
mattslist,33487,Masamune-kun's Revenge,https://myanimelist.net/anime/33487/Masamune-kun_no_Revenge,7
mattslist,51498,Masamune-kun's Revenge R,https://myanimelist.net/anime/51498/Masamune-kun_no_Revenge_R,7
mattslist,36563,Megalobox,https://myanimelist.net/anime/36563/Megalo_Box,7
mattslist,38098,MIX,https://myanimelist.net/anime/38098/Mix__Meisei_Story,7
mattslist,52614,MIX Season 2,https://myanimelist.net/anime/52614/Mix__Meisei_Story_2nd_Season_-_Nidome_no_Natsu_Sora_no_Mukou_e,7
mattslist,32182,Mob Psycho 100,https://myanimelist.net/anime/32182/Mob_Psycho_100,8
mattslist,37510,Mob Psycho 100 II,https://myanimelist.net/anime/37510/Mob_Psycho_100_II,8
mattslist,50172,Mob Psycho 100 III,https://myanimelist.net/anime/50172/Mob_Psycho_100_III,8
mattslist,17074,Monogatari Series: Second Season,https://myanimelist.net/anime/17074/Monogatari_Series__Second_Season,8
mattslist,23289,Monthly Girls' Nozaki-kun,https://myanimelist.net/anime/23289/Gekkan_Shoujo_Nozaki-kun,7
mattslist,50425,"More than a Married Couple, but Not Lovers.",https://myanimelist.net/anime/50425/Fuufu_Ijou_Koibito_Miman,6
mattslist,39535,Mushoku Tensei: Jobless Reincarnation,https://myanimelist.net/anime/39535/Mushoku_Tensei__Isekai_Ittara_Honki_Dasu,8
mattslist,45576,Mushoku Tensei: Jobless Reincarnation Part 2,https://myanimelist.net/anime/45576/Mushoku_Tensei__Isekai_Ittara_Honki_Dasu_Part_2,8
mattslist,51179,Mushoku Tensei: Jobless Reincarnation Season 2,https://myanimelist.net/anime/51179/Mushoku_Tensei_II__Isekai_Ittara_Honki_Dasu,8
mattslist,48736,My Dress-Up Darling,https://myanimelist.net/anime/48736/Sono_Bisque_Doll_wa_Koi_wo_Suru,8
mattslist,34403,My First Girlfriend is a Gal,https://myanimelist.net/anime/34403/Hajimete_no_Gal,3
mattslist,51552,My Happy Marriage,https://myanimelist.net/anime/51552/Watashi_no_Shiawase_na_Kekkon,5
mattslist,31964,My Hero Academia,https://myanimelist.net/anime/31964/Boku_no_Hero_Academia,9
mattslist,33486,My Hero Academia Season 2,https://myanimelist.net/anime/33486/Boku_no_Hero_Academia_2nd_Season,9
mattslist,36456,My Hero Academia Season 3,https://myanimelist.net/anime/36456/Boku_no_Hero_Academia_3rd_Season,9
mattslist,38408,My Hero Academia Season 4,https://myanimelist.net/anime/38408/Boku_no_Hero_Academia_4th_Season,9
mattslist,41587,My Hero Academia Season 5,https://myanimelist.net/anime/41587/Boku_no_Hero_Academia_5th_Season,9
mattslist,49918,My Hero Academia Season 6,https://myanimelist.net/anime/49918/Boku_no_Hero_Academia_6th_Season,8
mattslist,54789,My Hero Academia Season 7,https://myanimelist.net/anime/54789/Boku_no_Hero_Academia_7th_Season,7
mattslist,14227,My Little Monster,https://myanimelist.net/anime/14227/Tonari_no_Kaibutsu-kun,4
mattslist,14813,My Teen Romantic Comedy SNAFU,https://myanimelist.net/anime/14813/Yahari_Ore_no_Seishun_Love_Comedy_wa_Machigatteiru,9
mattslist,39547,My Teen Romantic Comedy SNAFU Climax!,https://myanimelist.net/anime/39547/Yahari_Ore_no_Seishun_Love_Comedy_wa_Machigatteiru_Kan,9
mattslist,23847,My Teen Romantic Comedy SNAFU TOO!,https://myanimelist.net/anime/23847/Yahari_Ore_no_Seishun_Love_Comedy_wa_Machigatteiru_Zoku,9
mattslist,28819,My Wife is the Student Council President!,https://myanimelist.net/anime/28819/Okusama_ga_Seitokaichou,5
mattslist,31442,Myriad Colors Phantom World,https://myanimelist.net/anime/31442/Musaigen_no_Phantom_World,4
mattslist,877,Nana,https://myanimelist.net/anime/877/Nana,9
mattslist,30016,Nanbaka,https://myanimelist.net/anime/30016/Nanbaka,6
mattslist,34414,Nanbaka Season 2,https://myanimelist.net/anime/34414/Nanbaka_2,6
mattslist,15689,Nekomonogatari Black,https://myanimelist.net/anime/15689/Nekomonogatari__Kuro,8
mattslist,31953,New Game!,https://myanimelist.net/anime/31953/New_Game,6
mattslist,34914,New Game!!,https://myanimelist.net/anime/34914/New_Game,6
mattslist,18897,Nisekoi: False Love,https://myanimelist.net/anime/18897/Nisekoi,7
mattslist,11597,Nisemonogatari,https://myanimelist.net/anime/11597/Nisemonogatari,9
mattslist,19815,"No Game, No Life",https://myanimelist.net/anime/19815/No_Game_No_Life,8
mattslist,33674,"No Game, No Life: Zero",https://myanimelist.net/anime/33674/No_Game_No_Life__Zero,7
mattslist,41345,Noblesse,https://myanimelist.net/anime/41345/Noblesse,4
mattslist,1698,Nodame Cantabile,https://myanimelist.net/anime/1698/Nodame_Cantabile,8
mattslist,5690,Nodame Cantabile Finale,https://myanimelist.net/anime/5690/Nodame_Cantabile_Finale,8
mattslist,4477,Nodame Cantabile: Paris-hen,https://myanimelist.net/anime/4477/Nodame_Cantabile__Paris-hen,8
mattslist,20507,Noragami,https://myanimelist.net/anime/20507/Noragami,7
mattslist,30503,Noragami Aragoto,https://myanimelist.net/anime/30503/Noragami_Aragoto,7
mattslist,30276,One Punch Man,https://myanimelist.net/anime/30276/One_Punch_Man,8
mattslist,34134,One Punch Man Season 2,https://myanimelist.net/anime/34134/One_Punch_Man_2nd_Season,4
mattslist,32729,Orange,https://myanimelist.net/anime/32729/Orange,5
mattslist,14749,Oreshura,https://myanimelist.net/anime/14749/Ore_no_Kanojo_to_Osananajimi_ga_Shuraba_Sugiru,5
mattslist,43007,Osamake: Romcom Where The Childhood Friend Won't Lose,https://myanimelist.net/anime/43007/Osananajimi_ga_Zettai_ni_Makenai_Love_Comedy,4
mattslist,29803,Overlord,https://myanimelist.net/anime/29803/Overlord,6
mattslist,35073,Overlord II,https://myanimelist.net/anime/35073/Overlord_II,6
mattslist,37675,Overlord III,https://myanimelist.net/anime/37675/Overlord_III,6
mattslist,31181,Owarimonogatari,https://myanimelist.net/anime/31181/Owarimonogatari,8
mattslist,35247,Owarimonogatari Second Season,https://myanimelist.net/anime/35247/Owarimonogatari_2nd_Season,8
mattslist,22535,Parasyte: The Maxim,https://myanimelist.net/anime/22535/Kiseijuu__Sei_no_Kakuritsu,9
mattslist,22135,Ping Pong the Animation,https://myanimelist.net/anime/22135/Ping_Pong_the_Animation,6
mattslist,27775,Plastic Memories,https://myanimelist.net/anime/27775/Plastic_Memories,5
mattslist,30240,Prison School,https://myanimelist.net/anime/30240/Prison_School,8
mattslist,9756,Puella Magi Madoka Magica,https://myanimelist.net/anime/9756/Mahou_Shoujo_Madoka★Magica,7
mattslist,40834,Ranking of Kings,https://myanimelist.net/anime/40834/Ousama_Ranking,6
mattslist,38329,Rascal Does Not Dream of a Dreaming Girl,https://myanimelist.net/anime/38329/Seishun_Buta_Yarou_wa_Yumemiru_Shoujo_no_Yume_wo_Minai,9
mattslist,37450,Rascal Does Not Dream of Bunny Girl Senpai,https://myanimelist.net/anime/37450/Seishun_Buta_Yarou_wa_Bunny_Girl_Senpai_no_Yume_wo_Minai,8
mattslist,31240,Re:ZERO -Starting Life in Another World-,https://myanimelist.net/anime/31240/Re_Zero_kara_Hajimeru_Isekai_Seikatsu,9
mattslist,42203,Re:ZERO -Starting Life in Another World- Season 2 Part 2,https://myanimelist.net/anime/42203/Re_Zero_kara_Hajimeru_Isekai_Seikatsu_2nd_Season_Part_2,9
mattslist,44942,Record of Ragnarok,https://myanimelist.net/anime/44942/Shuumatsu_no_Walküre,5
mattslist,30015,ReLIFE,https://myanimelist.net/anime/30015/ReLIFE,7
mattslist,35466,ReLIFE: Final Arc,https://myanimelist.net/anime/35466/ReLIFE__Kanketsu-hen,7
mattslist,40904,Remake Our Life!,https://myanimelist.net/anime/40904/Bokutachi_no_Remake,5
mattslist,40839,Rent-a-Girlfriend,https://myanimelist.net/anime/40839/Kanojo_Okarishimasu,7
mattslist,42963,Rent-a-Girlfriend Season 2,https://myanimelist.net/anime/42963/Kanojo_Okarishimasu_2nd_Season,7
mattslist,37965,Run with the Wind,https://myanimelist.net/anime/37965/Kaze_ga_Tsuyoku_Fuiteiru,7
mattslist,36885,Saekano the Movie: Finale,https://myanimelist.net/anime/36885/Saenai_Heroine_no_Sodatekata_Fine,7
mattslist,23277,Saekano: How to Raise a Boring Girlfriend,https://myanimelist.net/anime/23277/Saenai_Heroine_no_Sodatekata,7
mattslist,30727,Saekano: How to Raise a Boring Girlfriend .flat,https://myanimelist.net/anime/30727/Saenai_Heroine_no_Sodatekata_♭,7
mattslist,19469,Saiki Kusuo no Ψ-nan (ONA),https://myanimelist.net/anime/19469/Saiki_Kusuo_no_Ψ-nan_ONA,8
mattslist,205,Samurai Champloo,https://myanimelist.net/anime/205/Samurai_Champloo,9
mattslist,2476,School Days,https://myanimelist.net/anime/2476/School_Days,1
mattslist,45613,Shikimori's Not Just a Cutie,https://myanimelist.net/anime/45613/Kawaii_dake_ja_Nai_Shikimori-san,5
mattslist,39710,"Sing ""Yesterday"" for Me",https://myanimelist.net/anime/39710/Yesterday_wo_Utatte,4
mattslist,50416,Skip and Loafer,https://myanimelist.net/anime/50416/Skip_to_Loafer,8
mattslist,40392,Smile Down the Runway,https://myanimelist.net/anime/40392/Runway_de_Waratte,7
mattslist,52299,Solo Leveling,https://myanimelist.net/anime/52299/Ore_dake_Level_Up_na_Ken,7
mattslist,199,Spirited Away,https://myanimelist.net/anime/199/Sen_to_Chihiro_no_Kamikakushi,5
mattslist,50265,Spy x Family,https://myanimelist.net/anime/50265/Spy_x_Family,8
mattslist,50602,Spy x Family Part 2,https://myanimelist.net/anime/50602/Spy_x_Family_Part_2,7
